address,protocol,propertyid,ecosystem,balanceavailable,balancereserved,balanceaccepted,lasttxdbserialnum
1Gz4NTCBJb7q5gEURNeGnEivEt2yDY93yK,Omni,1,Production,10097524802,0,0,
1JME1dvN2zAAgXhXPnWSWFGQ4Z1iHALFj9,Omni,1,Production,33209164021,0,0,
12y5do1mEWJcrawDq3p66Zd9NSUdWUAqYF,Omni,1,Production,500348793,0,0,
134qMRPNjXbwnq73KBDyEzH3BWqgDSK8f4,Omni,1,Production,29375370365,0,0,
13aJiZTQYMYSkfT9E366jdKbZgPTtzA2kw,Omni,1,Production,13055739087,0,0,
13dFPB1ag1WsJKBWoUp6yUiKYDKvUGFEdz,Omni,1,Production,35844283234,0,0,
13kMuArrYxHpxiVtqUgtYK6viv6JvaBRt4,Omni,1,Production,10075623347,0,0,
13reFpj413XUoU3aHNbkPepd11Ha6Hi212,Omni,1,Production,10063083664,0,0,
144PHZQoDNfhGwUFtAKayDyJSVQm1YkyHm,Omni,1,Production,20007218915,0,0,
14AqQW1tKzfRnMAgKxTdDedYJ3KoUVC9ei,Omni,1,Production,10046583995,0,0,
14KxxiYghzaMiu6Ygcp1q8H4JGWViXLjua,Omni,1,Production,1435843585,0,0,
14MUti4hZhpnqeqswfHxLWFbYQ1GqezJEY,Omni,1,Production,9094522295,0,0,
14PVGnM5F8HfbiphzcSFSAgAcecUywadZQ,Omni,1,Production,1012004299,0,0,
14REHKxxXicArkZuvfA7DkXeoqgWXZ2pzo,Omni,1,Production,10019444444,0,0,
15H4EyX75muU78MQTHgNj9S75RbGVtZjJW,Omni,1,Production,28566481481,0,0,
15KDDJeiiZqSAy8ff2waWgagP82zUrj37c,Omni,1,Production,3009574405,0,0,
15KPAgwFaRQYxqCV95r6qTHCZgtr9HJVtZ,Omni,1,Production,6331183862,0,0,
15PmgreEf44t2sLwUohspit2DNdmf8nioa,Omni,1,Production,50134334,0,0,
15bPHecc5crhXxLnWy11ED8epfGqeBeS5t,Omni,1,Production,218259954,0,0,
15sv8nv5MweHeXnHPbiCaNNf8FDtsG3JdW,Omni,1,Production,23672801150,0,0,
16DQ4vNFBij4zZ3CURpgX1CCmxSw8yrZdr,Omni,1,Production,2124172288,0,0,
16P9gkfoX54maGbX6x7EHz1qnY4n8d7rYh,Omni,1,Production,3103611111,0,0,
16Y1wE9WEGSySsUNMoKBicQV369C6E1fV,Omni,1,Production,30625927579,0,0,
16akrvw2R2kREZtYET91bUyoPnyhQyur3E,Omni,1,Production,20498392082,0,0,
16kPgvUbpsYfxj9mvpCQqsoZ4c2oJsNfH,Omni,1,Production,10068911438,0,0,
16qiCQ4ocbM4zRceN8RYwWqBRQoiGCvcNa,Omni,1,Production,10052809193,0,0,
16uce8E7DuqC5QNmsjMLcbZEmLcUBRGqaj,Omni,1,Production,1512488839,0,0,
17XgPMQXbXr2RmPKKB5FJ3a2UFMw2Gxarh,Omni,1,Production,16306044147,0,0,
17aRFk7cMSTuwpkmLk3Znzfeys2XKLVgML,Omni,1,Production,20105555556,0,0,
17crSnfzrevwmqQo7QavEFr4QcaYujbosE,Omni,1,Production,32783859127,0,0,
17czXHWXFLVUdgiQSc9FJDT6Fi7ooXj6Uf,Omni,1,Production,35270050808,0,0,
17dTm9LYvNzNT4AM1kum557L539YXS5y7S,Omni,1,Production,16420711963,0,0,
17dkzPoFrkw5V2sDsBqSbbbvygaPzWsz68,Omni,1,Production,50052794,0,0,
17ezCD79i6qmzPPBtD8acNbHgjsTRoJxni,Omni,1,Production,40225271164,0,0,
17hvZSX8rxn4oqWHvsWNd6BNq8jTftTvMj,Omni,1,Production,1436649636,0,0,
17kLc6ZYAbVPpZkCrvdUE3K4NBLSKGxtPb,Omni,1,Production,25062153399,0,0,
17nnHLr8gKn6quWJo2orbkxgPj8Y9vcMZj,Omni,1,Production,41189316096,0,0,
17tJw9CG4ufjA1yXd4TFR1wqdgMUFzi5n1,Omni,1,Production,13855634921,0,0,
17uK6u4nTbWv3h6WNKg7ejxmgXvy4qebBY,Omni,1,Production,643798,0,0,
17xU8miooPMkdK9ZWuQr9NESpr38tHryjG,Omni,1,Production,2013225295,0,0,
181mY7b9oWKsyf5Q1K4TaJA3JhNoxSrt1S,Omni,1,Production,1504531195,0,0,
18D38HyzBmzArrcHz1jBTVvatvxTnBKRCp,Omni,1,Production,10031914683,0,0,
18JLWH8smwG59zab7j4DqDLZULfK1iEUoH,Omni,1,Production,6013069444,0,0,
18Se5aMNvhYTJoVT4bARcJVVT51mHBwjbJ,Omni,1,Production,32287207341,0,0,
18YwerNLcJhn1ZC55yoiYHevuuobmW3Pww,Omni,1,Production,10741519511,0,0,
18cSnNojZK11mLRk9ND3iosxrvZ9VBXtBh,Omni,1,Production,10000000000,0,0,
18hTHcNvBrGduvG4hG55C6nzRWX5F43qam,Omni,1,Production,3005833333,0,0,
18iT8DhkKDEMya2bDN1HRKEv6tWSQEgSbi,Omni,1,Production,12259252821,0,0,
18mPaJtGX2ots48KdQr4FZLhDSbgyzfnP9,Omni,1,Production,51683887236,0,0,
18rw5npF8gTGMNwk3hZNq3sqTT74Mm8zoh,Omni,1,Production,10220762978,0,0,
18toyySRFSWc56EF6tRXMKQK5UCPgGz39T,Omni,1,Production,997785112,0,0,
194iAz9vJw6tXbxpVZ22YWaYyWDL1QCBDz,Omni,1,Production,643798,0,0,
19AJ7rVbFeeyeoWjjWm5xrGaoTwPH5bLpY,Omni,1,Production,4365305556,0,0,
19rKrjPfydDQtHfWHcFcnfXjhGzQjkAC6B,Omni,1,Production,5068087798,0,0,
19x2pAiyH5SM3ubJyrKaEgfxVgRB9131wS,Omni,1,Production,10380095055,0,0,
1AAciKr6aNMwcYrApgAp336e8EjBwrYPWj,Omni,1,Production,132038340067,0,0,
1ALeLAXtnZrbJHNhWLW5BvNtL1uP5TqJU8,Omni,1,Production,5098438327,0,0,
1Ao6nURcqduZzsHHPJyKa7kyzTASVPP66L,Omni,1,Production,10045160384,0,0,
1AoYNhBr3F1yTumvtWB2bfsJ6gYZJXdDd9,Omni,1,Production,10091784061,0,0,
1B6cMHmdRnGgsAGzyBv4JeBjoxXgcrigk5,Omni,1,Production,5649682540,0,0,
1B7GKDsgtgpxp87W1LHskh2Y9Qy8vMH8Ri,Omni,1,Production,10031433532,0,0,
1BHQeERPiQfQbxc1NYgoYosWqWguKprhkH,Omni,1,Production,220466081,0,0,
1BMpnWtwT8yCaYrncb2K9HCeE1NMQKX5xv,Omni,1,Production,23044887566,0,0,
1BQtQSNPhm7fJMQagc8BrEEvcDNLEkB4J9,Omni,1,Production,5162691711,0,0,
1BmPgrDRGJouzPJdtDzXb6KhYDbBi9fy9B,Omni,1,Production,20081888228,0,0,
1CJcDhymhoMRqFHQzX9hxq7NBjrmy9EYEo,Omni,1,Production,20150729167,0,0,
1CQqn1Rx55B5peP7WoucYFMptqM3ASZB6W,Omni,1,Production,153047593,0,0,
1CooyTFrq7iUh6ATMxCE4nNgHdgJox8Fxd,Omni,1,Production,20025469577,0,0,
1CsG4xVTbJe37gZioPTvPReaoUtWdBBvsq,Omni,1,Production,10974594793,0,0,
1D5bcwsAvw8nNb66Pu2nw9BZyfg6kkUtUx,Omni,1,Production,5305650674,0,0,
1D8CrjDtEv3cHm91jjk15ix8yeS8oKDzmE,Omni,1,Production,5011970899,0,0,
1DLyCnaUYVgux9L3MPWkH1VHQXTHoTUC9r,Omni,1,Production,5944117890,0,0,
1DSeB9NW2VDeG26Th4fmRGMf6sxww215mZ,Omni,1,Production,221693981,0,0,
1Df8GTfWasZHJ4svNXR9sGrmXzTRt1Z5BT,Omni,1,Production,50024603175,0,0,
1DmuFKdM3wpD9rDubQa75b8og2HdS6mD9g,Omni,1,Production,1440052249,0,0,
1DoUJcTZMMHN7fMfg2aQE6ohZKXroyXyWW,Omni,1,Production,17236738095,0,0,
1Dswt3PZQrR9NPcTDRjVZxZbEjpvDfHnjv,Omni,1,Production,100376042,0,0,
1Dv1tvyWfvRK3QHb3dZAMWLUKzL6Ddad2F,Omni,1,Production,72016089,0,0,
1EDDiekhvJVCZpfrYSHPCitnzLgrXUXutt,Omni,1,Production,52709918155,0,0,
1EPsEDXYuQV6nmHE5wgwtJmoiD3T1AXwsW,Omni,1,Production,28417815104,0,0,
1EYwqZCP6tZJhmADMQtKdex9gWdrsPd4Jo,Omni,1,Production,50058667574,0,0,
1EfH4Sz6CKxpq8svB2ZfuYqNxZo1jHuwsx,Omni,1,Production,10636585462,0,0,
1EnVK4yMdfAQHoJ1q2WBSFXxbwERoeNfYc,Omni,1,Production,108048843,0,0,
1EuFaVybvZij2hAfmRcDYAEmBqRLGRQXan,Omni,1,Production,30985218745,0,0,
1ExeGhKKnTwMps5R8d4PyKvdp42dK8cKpx,Omni,1,Production,10881421958,0,0,
1FC9RHREEsUszQHapstfkFcHVwv9ye2QpR,Omni,1,Production,10535380291,0,0,
1FCVjvfKtLYpUq31S7CfMG9EqqEUtw2Pem,Omni,1,Production,1425958333,0,0,
1Fi5NGyKoLu1RGveRs9VvjRpVq3kAAoqMa,Omni,1,Production,5442049438,0,0,
1G4viUH23ktwEBoistLTmCvN2DuWeBfaob,Omni,1,Production,4864758466,0,0,
1GPwJvMpB4vJPuMwHs9JDAZm9Lh66Y2qnS,Omni,1,Production,249558201,0,0,
1Gy2XEo7aF4SsTAjz6ZWfdkiRnDuNpnMP7,Omni,1,Production,12994790766,0,0,
1HgwzP12Y8jvE6iT4TLWE96zPaFkXPSGL2,Omni,1,Production,10120548817,0,0,
1HonwLhETda1hQc4uLA6bzhXH4CUaBmHGb,Omni,1,Production,10145415013,0,0,
1JMKBtZbqhZFbJ9GdFdupTy4tGd2Q797JJ,Omni,1,Production,1048728340,0,0,
1JRfc5W459i9PAPiGDvTUuJve9fn9z6YjK,Omni,1,Production,14419591601,0,0,
1JqNVmZBrCvT19he79L4F2YWxydWZ3mQ14,Omni,1,Production,10046987434,0,0,
1JvXUatqyiBs1gsp2vYopyc9QnStfVn2F1,Omni,1,Production,72216013558,0,0,
1KEr24zCxEwf4WAdwAQ8gy3grsXGfFPaGy,Omni,1,Production,7394243,0,0,
1KGWhADxrefkLZHhthnJ4HkEsu5t9zVPF1,Omni,1,Production,19963009722,0,0,
1KJ8Q3PaVvyjV8GdVMha7VXPaBuipdEFG1,Omni,1,Production,2257171726,0,0,
1KaM6ANCsKgFnsTRUXnNZzHT5ZLpnRsf3t,Omni,1,Production,60905935847,0,0,
1Ki1Uxc1P1HRfk7Awq8ayZghzwGCsYWe9o,Omni,1,Production,107687855490,0,0,
1Kqy5J4KdYCYG9N7rWRQdq1wfBGmQiPG1n,Omni,1,Production,11408598477,0,0,
1L9bbsESqmaKWsstrDETuZpD1BjLdy94ah,Omni,1,Production,10097524802,0,0,
1LLnRXbnVuq7h3Dtap64wXuw76nnjPnjYi,Omni,1,Production,54686718948,0,0,
1Ls3wRUtiTv8fXcjXpT5LYjuxJ7rwWCEKb,Omni,1,Production,100146842,0,0,
1LzbWC9xo4TC5j6P3tjYT3fJVQ5XpaYADE,Omni,1,Production,5002460317,0,0,
1MLPjJ4iDXpAnzgon9u34ZxnSjTHztxRCP,Omni,1,Production,10034031085,0,0,
1MQCRE2ePC1M1AgseWar49ncY1Dyk5MGWN,Omni,1,Production,21647609231,0,0,
1MR9wDhmKVRDcVcpm2c4BB71SR9yTYdBvg,Omni,1,Production,53524926142,0,0,
1MWs4JQHn9aY9BQXXqV9bnSZVX3Ecggz9i,Omni,1,Production,26263277213,0,0,
1MZH2ixqERRzuW9Ha7xqbyGoMZyfo4dv4h,Omni,1,Production,10105335648,0,0,
1McQ3KF6eY69a1oJiJhCJj9GcJawFq3vUG,Omni,1,Production,695102440,0,0,
1MnW3JgujMavTzBCiZyfxigDhu9pnDE7dU,Omni,1,Production,10040944114,0,0,
1ModAtK5caWTxktKr6EfnEsQQddfVGXaHX,Omni,1,Production,12162387203,0,0,
1MstrCofqGJQ73bGwdTxj2Uo7EqRxUDWAo,Omni,1,Production,2506322751,0,0,
1NHaFCh2fYzqghh8S7YN5fX4xpSY6W3tBz,Omni,1,Production,1322364477,0,0,
1NVwVUhm4tHxpGZg6AMSNmxYMUwkyQe1fn,Omni,1,Production,5386860946,0,0,
1NYdPSXbWxWQMXG8BhnXYUhFaLFAoyeHR3,Omni,1,Production,15450215782,0,0,
1NZCgBRmEcidNNNCWiccVDEvVRkV2CD7q2,Omni,1,Production,10710864749,0,0,
1NeVKGMiNZ6fuoZmVRthTBNw1cJ3MGevwU,Omni,1,Production,55215541914,0,0,
1NgxPxvnswGG85FzjrBQ2tet1sCXpCzhg4,Omni,1,Production,10043457341,0,0,
1NhAB2xGPosYjooSqJET6eJy2ks15A6CNm,Omni,1,Production,1215738294,0,0,
1NocfrxnLadDjfy5XR1JsSgdVsw8ChxCLA,Omni,1,Production,1004658399,0,0,
1P2KXwVg2h4iDSqiQf4tCkSL2XEVTAyqrB,Omni,1,Production,133340029762,0,0,
1PBk85ohrvbiTpDCMxjufAbFfCg3ZdXn8e,Omni,1,Production,5459414683,0,0,
1PY5X3hbcy6timNa9CQJzzwLeJgvDJ4Dik,Omni,1,Production,249558201,0,0,
1Po9mw5bbgx3HxHZ8Vch24XcmHTiFTRDuW,Omni,1,Production,200319874339,0,0,
1Pohx6GPsnvnEsYWRRdaK7GVAUkHW56R2K,Omni,1,Production,2089444444,0,0,
1Q2kjs7MjWgCtf8CfVkXHUkAeKbaMqrK9R,Omni,1,Production,10892384259,0,0,
1RavenHqiZ7euZ1ETKkKP74h5SPLovdF6,Omni,1,Production,1063476071,0,0,
1RjrXzEhSsbTMYw2XJrvt6fSiKU9mGeRZ,Omni,1,Production,8271059380,0,0,
1VDTthqUv8bjmFePNxEXTNttkaTWfKdDi,Omni,1,Production,9520257202,0,0,
1VP9VM2Kk9SNLRDTJzsEe3WtoKLwWfnmc,Omni,1,Production,21042979497,0,0,
1nivsN37oY13sqNoxzPa3nZrDVQzWGBYD,Omni,1,Production,4328703723,0,0,
1nuMbaCBZhDsEe3oKnHY7FtFUtbd1fckf,Omni,1,Production,10662311508,0,0,
17uK6u4nTbWv3h6WNKg7ejxmgXvy4qebBY,Omni,2,Test,643798,0,0,
194iAz9vJw6tXbxpVZ22YWaYyWDL1QCBDz,Omni,2,Test,643798,0,0,
112xdxgBpCV6TCAXrJ3Cfv3cXQwGyHbH6L,Omni,1,Production,10004920635,0,0,
1oC8H1TZ7JLrt5iD5QtEpBa4p1Nfh8oXG,Omni,1,Production,6098439153,0,0,
1LX1Nv7C6RnR18ir3r5GrmyVvG1yy2EnRa,Omni,1,Production,573773946346,0,0,
1KDCt8VoY45ya3QnExwtZEdugAnRAncr1Z,Omni,1,Production,212053654101,0,0,
1K9ETVUmDcfahqzoanBBmbaDqVmUmqrQJS,Omni,1,Production,588810138889,0,0,
1JU1GS7GyHg6XYqq5JjNUquzsWgHoUFAGR,Omni,1,Production,238423635218,0,0,
1FLyLEzRvV5ucRaHBcXfhqSQnwjsnCaVhH,Omni,1,Production,208675000000,0,0,
196V2uB471HoMHwbkQRQRiwd3aYpU6RtWg,Omni,1,Production,5994129166667,0,0,
18fjRdAxg1aQbw1DeNM68nsD2PiEfayqfJ,Omni,1,Production,302451636905,0,0,
17CoqK7cqNVLyv1CawzsGT12eTMP2fmHuy,Omni,1,Production,202585582011,0,0,
163dXoX3bfrM8t8DwbhzfHdGYNQfYfXhK6,Omni,1,Production,703514632937,0,0,
1Mxuru2YEg9dZ1jGSoEks3BfP7Ee1LaXAd,Omni,1,Production,10045160384,0,0,
1BhbBYtVSYqGifvPhien4B18MjMGLi8T6h,Omni,1,Production,10100730820,0,0,
1JzN8RsgCTbbJcjLa9dH93GkehcmNxxZTL,Omni,1,Production,30107496694,0,0,
1HxMra2tkzjD4FmGWyBCJdECL4iiM9oGSk,Omni,1,Production,14292988127,0,0,
12jxqC2xCdwT35dCYiUQ9ad5rNCoehzyc2,Omni,1,Production,32510178542,0,0,
1CFQgs77DDuixrNYqkj4RoQGrSgJmVcaiH,Omni,1,Production,10644222884,0,0,
1BV3rErytJmf17NNQfzHkHYakgweq4HzEx,Omni,1,Production,51581299603,0,0,
1RodtRU2EJ7DMgZCjgznivm5yqoeu8Lgh,Omni,1,Production,47450662438,0,0,
1HavyitVfgfbX6q9vprFgU8emXtixixEwY,Omni,1,Production,16015267580,0,0,
18XV6qXP7U7HV22Y1PajAiuLfGbkBc3Jfg,Omni,1,Production,26142960482,0,0,
14vTNM7pZiG6qZbmf2A8J1x9wLdYTHvcPX,Omni,1,Production,18120322007,0,0,
112xdxgBpCV6TCAXrJ3Cfv3cXQwGyHbH6L,Omni,2,Test,10004920635,0,0,
125ana9EZ9HJotBNnGsUqecsp7MzT9Z5Qe,Omni,2,Test,19151128009,0,0,
12SdZk7Gd19zbvQZDF447PpHSpGY5SGYE2,Omni,2,Test,480998334741,0,0,
12VamRhmcgsWWKWdNuzWqVYTvnuk2Dsx9b,Omni,2,Test,220562833994,0,0,
12jxqC2xCdwT35dCYiUQ9ad5rNCoehzyc2,Omni,2,Test,32510178542,0,0,
12sVF4gaKPk1kmGaG8XxtoqgLMxWXr6ReE,Omni,2,Test,5391898148,0,0,
12y5do1mEWJcrawDq3p66Zd9NSUdWUAqYF,Omni,2,Test,500348793,0,0,
134qMRPNjXbwnq73KBDyEzH3BWqgDSK8f4,Omni,2,Test,29375370365,0,0,
138deo1VUkgWmptS8NWnBqVwqWfZx1Q494,Omni,2,Test,20062291667,0,0,
13CsP5SArN7fPXcXkcH331PPEuzCXdo5i4,Omni,2,Test,21079411376,0,0,
13FrZaxxAWuFUqsmRVatp88h6EKTwmUrtj,Omni,2,Test,11227826983,0,0,
13X7yRvpDf1NKLhzsYHaghfNJQ8JpXTa7N,Omni,2,Test,89930898042,0,0,
13aJiZTQYMYSkfT9E366jdKbZgPTtzA2kw,Omni,2,Test,13055739087,0,0,
13dFPB1ag1WsJKBWoUp6yUiKYDKvUGFEdz,Omni,2,Test,35844283234,0,0,
13kMuArrYxHpxiVtqUgtYK6viv6JvaBRt4,Omni,2,Test,10075623347,0,0,
13qGRH1n7dFeroYhjd5xktmWo4uzbVPbcS,Omni,2,Test,20188501984,0,0,
13reFpj413XUoU3aHNbkPepd11Ha6Hi212,Omni,2,Test,10063083664,0,0,
13sbvde5fYHeM4UxKJpRxFv7a9MjaKdqPT,Omni,2,Test,25881610614,0,0,
142p4ML8aXvMAnVjEZMBzyP1c6nauhtufi,Omni,2,Test,1008742728,0,0,
144PHZQoDNfhGwUFtAKayDyJSVQm1YkyHm,Omni,2,Test,20007218915,0,0,
14AqQW1tKzfRnMAgKxTdDedYJ3KoUVC9ei,Omni,2,Test,10046583995,0,0,
14CQGTcpq6pduhRUKC5SEShBZHiJJHiKMT,Omni,2,Test,14372771164,0,0,
14FaL26kCyEsN4NviMEv3wPQvQGuwodyDr,Omni,2,Test,5931781217,0,0,
14KxxiYghzaMiu6Ygcp1q8H4JGWViXLjua,Omni,2,Test,1435843585,0,0,
14MUti4hZhpnqeqswfHxLWFbYQ1GqezJEY,Omni,2,Test,9094522295,0,0,
14PVGnM5F8HfbiphzcSFSAgAcecUywadZQ,Omni,2,Test,1012004299,0,0,
14REHKxxXicArkZuvfA7DkXeoqgWXZ2pzo,Omni,2,Test,10019444444,0,0,
14vTNM7pZiG6qZbmf2A8J1x9wLdYTHvcPX,Omni,2,Test,18120322007,0,0,
157FxpGB4ds4sXjSjXqwAXk7WQQSAojNFJ,Omni,2,Test,19385907738,0,0,
15H4EyX75muU78MQTHgNj9S75RbGVtZjJW,Omni,2,Test,28566481481,0,0,
15KDDJeiiZqSAy8ff2waWgagP82zUrj37c,Omni,2,Test,3009574405,0,0,
15KPAgwFaRQYxqCV95r6qTHCZgtr9HJVtZ,Omni,2,Test,6331183862,0,0,
15PmgreEf44t2sLwUohspit2DNdmf8nioa,Omni,2,Test,50134334,0,0,
15XJoDF4xCUrWX3ES9ftWq3wnGhuRsqrLk,Omni,2,Test,6055548942,0,0,
15bPHecc5crhXxLnWy11ED8epfGqeBeS5t,Omni,2,Test,218259954,0,0,
15jY9nQsgzdkuj7Rw2KHGpDKoxv59gDJE8,Omni,2,Test,30013784722,0,0,
15oxQoTsbrX7SJK86HHDY7qD8BzUday2dx,Omni,2,Test,20060373677,0,0,
15sv8nv5MweHeXnHPbiCaNNf8FDtsG3JdW,Omni,2,Test,23672801150,0,0,
163dXoX3bfrM8t8DwbhzfHdGYNQfYfXhK6,Omni,2,Test,703514632937,0,0,
165EtwPtp3dXeHBAXpdtKher8wpR7E4Vwh,Omni,2,Test,10203215939,0,0,
16DQ4vNFBij4zZ3CURpgX1CCmxSw8yrZdr,Omni,2,Test,2124172288,0,0,
16P9gkfoX54maGbX6x7EHz1qnY4n8d7rYh,Omni,2,Test,3103611111,0,0,
16WsVPMRUCdMiT1rMxM9CEspdn7JYD2U5j,Omni,2,Test,29995000000,0,0,
16Y1wE9WEGSySsUNMoKBicQV369C6E1fV,Omni,2,Test,30625927579,0,0,
16akrvw2R2kREZtYET91bUyoPnyhQyur3E,Omni,2,Test,20498392082,0,0,
16kPgvUbpsYfxj9mvpCQqsoZ4c2oJsNfH,Omni,2,Test,10068911438,0,0,
16pdW8RQjJpF37FLMm7R65HBvn6WY33Pq8,Omni,2,Test,1003018683862,0,0,
16qiCQ4ocbM4zRceN8RYwWqBRQoiGCvcNa,Omni,2,Test,10052809193,0,0,
16rQVMZS9k6grNiMybYfznH2R3TViYNMC6,Omni,2,Test,12056734458,0,0,
16rUg4eijBqM6oYrSrUzvghe6QM9CHvTYW,Omni,2,Test,53260166005,0,0,
16uce8E7DuqC5QNmsjMLcbZEmLcUBRGqaj,Omni,2,Test,1512488839,0,0,
172mDyjew7PnUpMRdNPjjv1bU1u4Ftgs3M,Omni,2,Test,1429964285714,0,0,
17CoqK7cqNVLyv1CawzsGT12eTMP2fmHuy,Omni,2,Test,202585582011,0,0,
17LWEZqC2WyZaBo7pKADcsDkA6zFjY1iTC,Omni,2,Test,27072465027,0,0,
17XgPMQXbXr2RmPKKB5FJ3a2UFMw2Gxarh,Omni,2,Test,16306044147,0,0,
17aRFk7cMSTuwpkmLk3Znzfeys2XKLVgML,Omni,2,Test,20105555556,0,0,
17bGDJTMeiWx4LJdf8gECEPFMmCpY2jA66,Omni,2,Test,336161142053,0,0,
17crSnfzrevwmqQo7QavEFr4QcaYujbosE,Omni,2,Test,32783859127,0,0,
17czXHWXFLVUdgiQSc9FJDT6Fi7ooXj6Uf,Omni,2,Test,35270050808,0,0,
17dTm9LYvNzNT4AM1kum557L539YXS5y7S,Omni,2,Test,16420711963,0,0,
17dkzPoFrkw5V2sDsBqSbbbvygaPzWsz68,Omni,2,Test,50052794,0,0,
17ezCD79i6qmzPPBtD8acNbHgjsTRoJxni,Omni,2,Test,40225271164,0,0,
17hvZSX8rxn4oqWHvsWNd6BNq8jTftTvMj,Omni,2,Test,1436649636,0,0,
17kLc6ZYAbVPpZkCrvdUE3K4NBLSKGxtPb,Omni,2,Test,25062153399,0,0,
17nnHLr8gKn6quWJo2orbkxgPj8Y9vcMZj,Omni,2,Test,41189316096,0,0,
17t1avq2qk3R4Q3qzSZgjj1FihTgS5JgvY,Omni,2,Test,79739136905,0,0,
17tJw9CG4ufjA1yXd4TFR1wqdgMUFzi5n1,Omni,2,Test,13855634921,0,0,
17xU8miooPMkdK9ZWuQr9NESpr38tHryjG,Omni,2,Test,2013225295,0,0,
181mY7b9oWKsyf5Q1K4TaJA3JhNoxSrt1S,Omni,2,Test,1504531195,0,0,
18D38HyzBmzArrcHz1jBTVvatvxTnBKRCp,Omni,2,Test,10031914683,0,0,
18JLWH8smwG59zab7j4DqDLZULfK1iEUoH,Omni,2,Test,6013069444,0,0,
18QTFj5KmMSoYMrCuRGgxdywj3xXYtCvzd,Omni,2,Test,53115530488,0,0,
18Se5aMNvhYTJoVT4bARcJVVT51mHBwjbJ,Omni,2,Test,32287207341,0,0,
18WANHBTcj8u2GU1PY4h1iG4EbvgYJM4gL,Omni,2,Test,303797619048,0,0,
18XV6qXP7U7HV22Y1PajAiuLfGbkBc3Jfg,Omni,2,Test,26142960482,0,0,
18YwerNLcJhn1ZC55yoiYHevuuobmW3Pww,Omni,2,Test,10741519511,0,0,
18cSnNojZK11mLRk9ND3iosxrvZ9VBXtBh,Omni,2,Test,10000000000,0,0,
18ebxtqmwE2MMJtHbpAosrKEem8go9qc9,Omni,2,Test,7070485284,0,0,
18fjRdAxg1aQbw1DeNM68nsD2PiEfayqfJ,Omni,2,Test,302451636905,0,0,
18hTHcNvBrGduvG4hG55C6nzRWX5F43qam,Omni,2,Test,3005833333,0,0,
18hoYB6KH5nTu6iE1SH3fNKnnRKFe2vaxF,Omni,2,Test,1303966270,0,0,
18iT8DhkKDEMya2bDN1HRKEv6tWSQEgSbi,Omni,2,Test,12259252821,0,0,
18mPaJtGX2ots48KdQr4FZLhDSbgyzfnP9,Omni,2,Test,51683887236,0,0,
18rw5npF8gTGMNwk3hZNq3sqTT74Mm8zoh,Omni,2,Test,10220762978,0,0,
18toyySRFSWc56EF6tRXMKQK5UCPgGz39T,Omni,2,Test,997785112,0,0,
196V2uB471HoMHwbkQRQRiwd3aYpU6RtWg,Omni,2,Test,5994129166667,0,0,
19ABrTW1XhWErJxE3UvfNuBRzB4w6UcTRp,Omni,2,Test,5040860615,0,0,
19AJ7rVbFeeyeoWjjWm5xrGaoTwPH5bLpY,Omni,2,Test,4365305556,0,0,
19V6mbsUWfKeRJyHvPpmjarUyj6Arm9zcQ,Omni,2,Test,2018758267,0,0,
19feAR37pguLwDyEMc8oiW2WT4esrgR5z6,Omni,2,Test,5544255126,0,0,
19mSdN6s9iBHFyJ2ycHbzQ7dcnfgZHN8Cu,Omni,2,Test,273714253,0,0,
19rKrjPfydDQtHfWHcFcnfXjhGzQjkAC6B,Omni,2,Test,5068087798,0,0,
19x2pAiyH5SM3ubJyrKaEgfxVgRB9131wS,Omni,2,Test,10380095055,0,0,
1A14hK16TgHCYzyqHm2VNZDe8ShYuZ981x,Omni,2,Test,11090075859,0,0,
1AAciKr6aNMwcYrApgAp336e8EjBwrYPWj,Omni,2,Test,132038340067,0,0,
1AKQX7Qso4UQeAPD7rPWnDAQr43z6eByui,Omni,2,Test,156612276786,0,0,
1ALeLAXtnZrbJHNhWLW5BvNtL1uP5TqJU8,Omni,2,Test,5098438327,0,0,
1Ao6nURcqduZzsHHPJyKa7kyzTASVPP66L,Omni,2,Test,10045160384,0,0,
1AoYNhBr3F1yTumvtWB2bfsJ6gYZJXdDd9,Omni,2,Test,10091784061,0,0,
1AsX2fv1QRFgCYT3F1YMWm37nWnW8TkZnm,Omni,2,Test,14525201389,0,0,
1AxxvjavPMEiyT7quRVrfWj9xjgv27PSCS,Omni,2,Test,66971585648,0,0,
1B2aZeoqGVrZUJg36waug8dNiDK7yX4JoT,Omni,2,Test,326956647,0,0,
1B6cMHmdRnGgsAGzyBv4JeBjoxXgcrigk5,Omni,2,Test,5649682540,0,0,
1B7GKDsgtgpxp87W1LHskh2Y9Qy8vMH8Ri,Omni,2,Test,10031433532,0,0,
1BFqkdUDwp7k1Qa43vmSWEfj6gaoUVswwZ,Omni,2,Test,10628277116,0,0,
1BHQeERPiQfQbxc1NYgoYosWqWguKprhkH,Omni,2,Test,220466081,0,0,
1BMpnWtwT8yCaYrncb2K9HCeE1NMQKX5xv,Omni,2,Test,23044887566,0,0,
1BQtQSNPhm7fJMQagc8BrEEvcDNLEkB4J9,Omni,2,Test,5162691711,0,0,
1BV3rErytJmf17NNQfzHkHYakgweq4HzEx,Omni,2,Test,51581299603,0,0,
1BhHGLm843e3kXyMoWr64UBq9Kh8upAY6K,Omni,2,Test,18120686039,0,0,
1BhbBYtVSYqGifvPhien4B18MjMGLi8T6h,Omni,2,Test,10100730820,0,0,
1BmPgrDRGJouzPJdtDzXb6KhYDbBi9fy9B,Omni,2,Test,20081888228,0,0,
1C9RKyQ9X77iA6ARd182dRyGiacedGwYec,Omni,2,Test,31535004960,0,0,
1CFQgs77DDuixrNYqkj4RoQGrSgJmVcaiH,Omni,2,Test,10644222884,0,0,
1CJcDhymhoMRqFHQzX9hxq7NBjrmy9EYEo,Omni,2,Test,20150729167,0,0,
1CM9jmLrzSUXLRAwFUbcmN7tDiY4Wyi2VC,Omni,2,Test,6508160549,0,0,
1CQqn1Rx55B5peP7WoucYFMptqM3ASZB6W,Omni,2,Test,153047593,0,0,
1CooyTFrq7iUh6ATMxCE4nNgHdgJox8Fxd,Omni,2,Test,20025469577,0,0,
1CsG4xVTbJe37gZioPTvPReaoUtWdBBvsq,Omni,2,Test,10974594793,0,0,
1D11zSkRGnn6VMgaipqNeD2rtQfN5ywos3,Omni,2,Test,5042046130952,0,0,
1D5bcwsAvw8nNb66Pu2nw9BZyfg6kkUtUx,Omni,2,Test,5305650674,0,0,
1D8CrjDtEv3cHm91jjk15ix8yeS8oKDzmE,Omni,2,Test,5011970899,0,0,
1DDhPhsydLh6dDgAg7GVT3xZuYd93tjqtp,Omni,2,Test,10078986442,0,0,
1DHF9MnvvM1zUNxKdu9hB2BfwFuBANPPoe,Omni,2,Test,20101732804,0,0,
1DLjzpGMS5DHucLujKArriyp3S8y3aRMqa,Omni,2,Test,10020692791,0,0,
1DLwrAYgzMcbntvhmBHKajGEaSv9U2YGTq,Omni,2,Test,10743267361,0,0,
1DLyCnaUYVgux9L3MPWkH1VHQXTHoTUC9r,Omni,2,Test,5944117890,0,0,
1DSeB9NW2VDeG26Th4fmRGMf6sxww215mZ,Omni,2,Test,221693981,0,0,
1DUGRxypnPrQ8t7umv1QPwmwwYnt6dFA3m,Omni,2,Test,2003067791,0,0,
1Df8GTfWasZHJ4svNXR9sGrmXzTRt1Z5BT,Omni,2,Test,50024603175,0,0,
1DmuFKdM3wpD9rDubQa75b8og2HdS6mD9g,Omni,2,Test,1440052249,0,0,
1DoUJcTZMMHN7fMfg2aQE6ohZKXroyXyWW,Omni,2,Test,17236738095,0,0,
1Dswt3PZQrR9NPcTDRjVZxZbEjpvDfHnjv,Omni,2,Test,100376042,0,0,
1Dv1tvyWfvRK3QHb3dZAMWLUKzL6Ddad2F,Omni,2,Test,72016089,0,0,
1EDDiekhvJVCZpfrYSHPCitnzLgrXUXutt,Omni,2,Test,52709918155,0,0,
1EPsEDXYuQV6nmHE5wgwtJmoiD3T1AXwsW,Omni,2,Test,28417815104,0,0,
1EXqpyc7sEVbH1dK8mdE35gM4ijiQ4kGXQ,Omni,2,Test,1038350945,0,0,
1EYwqZCP6tZJhmADMQtKdex9gWdrsPd4Jo,Omni,2,Test,50058667574,0,0,
1EaMiS5stT6FKGEEWQCY3X3ujci3m5MP2m,Omni,2,Test,10775650880,0,0,
1EfH4Sz6CKxpq8svB2ZfuYqNxZo1jHuwsx,Omni,2,Test,10636585462,0,0,
1EnVK4yMdfAQHoJ1q2WBSFXxbwERoeNfYc,Omni,2,Test,108048843,0,0,
1EuFaVybvZij2hAfmRcDYAEmBqRLGRQXan,Omni,2,Test,30985218745,0,0,
1ExeGhKKnTwMps5R8d4PyKvdp42dK8cKpx,Omni,2,Test,10881421958,0,0,
1F2KyKaLr1QbCgGGAjuBSQSJo8GQ6CaCwF,Omni,2,Test,10018387897,0,0,
1FC9RHREEsUszQHapstfkFcHVwv9ye2QpR,Omni,2,Test,10535380291,0,0,
1FCVjvfKtLYpUq31S7CfMG9EqqEUtw2Pem,Omni,2,Test,1425958333,0,0,
1FLyLEzRvV5ucRaHBcXfhqSQnwjsnCaVhH,Omni,2,Test,208675000000,0,0,
1Fi4UdfU7Bw9CdX85K2rtzMoZuESvDPNS7,Omni,2,Test,6694997210,0,0,
1Fi5NGyKoLu1RGveRs9VvjRpVq3kAAoqMa,Omni,2,Test,5442049438,0,0,
1FjLKFH6BXB6NUUhpSUNendtjBNSmNNPZT,Omni,2,Test,13724584979,0,0,
1FriA74vipRm9QGQHoWREHHNTBJtS9tR1k,Omni,2,Test,18801716326,0,0,
1G3Cyx194o3yLbKFmzR4NtNE6fxJSRowkp,Omni,2,Test,1028343584656,0,0,
1G4viUH23ktwEBoistLTmCvN2DuWeBfaob,Omni,2,Test,4864758466,0,0,
1G6zjkpKHaDETbswWCJwyu3PQMesoCHvvz,Omni,2,Test,50129208003,0,0,
1G9mvD12ZAiAxMuXeiaUVDkMAC8C4FFoLG,Omni,2,Test,10140458003,0,0,
1GD6YyXnd7DKvfUKs22Fp3FSGuvK6n4F4j,Omni,2,Test,250305886243,0,0,
1GPwJvMpB4vJPuMwHs9JDAZm9Lh66Y2qnS,Omni,2,Test,249558201,0,0,
1GXnFHXZ5FAqWYp2iT1rpnLm3XAiAh2fuq,Omni,2,Test,10766020172,0,0,
1GeVYn8BY86jTgUYoWeLkWXULpJnYD3u87,Omni,2,Test,3911190575,0,0,
1GhwyPsMn2H47vWjJBAc5skZrdcWsyMDZL,Omni,2,Test,1285254365,0,0,
1GuoNYVPUwePeYghvDP4gCny1YaFyMfTcM,Omni,2,Test,15729396429,0,0,
1GwdoK2ep5sLGyeSuyHiXhJeQd3eogGjR5,Omni,2,Test,1827629216,0,0,
1Gy2XEo7aF4SsTAjz6ZWfdkiRnDuNpnMP7,Omni,2,Test,12994790766,0,0,
1Gz4NTCBJb7q5gEURNeGnEivEt2yDY93yK,Omni,2,Test,10097524802,0,0,
1H5i3Pz9y1mYnXqXDAxJPohggwyBT98oc1,Omni,2,Test,10000000000,0,0,
1HETPNRFYqoXEEkpvNY4zVLsQcTumfhoJ2,Omni,2,Test,72006679894,0,0,
1HHTyQWtA8Y93CAGSHZ134yBErtxUoDAYV,Omni,2,Test,3803219329,0,0,
1HRE7U9XNPD8kJBCwm5Q1VAepz25GBXnVk,Omni,2,Test,194783543229,0,0,
1HXaE1qztaBnJJa43LNLzexhzzbefJkm3i,Omni,2,Test,10418902116,0,0,
1HavyitVfgfbX6q9vprFgU8emXtixixEwY,Omni,2,Test,16015267580,0,0,
1HcQb16RSjdiH622sNs7Qsqt5vNWWa7oKV,Omni,2,Test,1801450892857,0,0,
1HgwzP12Y8jvE6iT4TLWE96zPaFkXPSGL2,Omni,2,Test,10120548817,0,0,
1Hkjo5N1CLb7XmUtCp4xWRder81CRfpdNd,Omni,2,Test,133542873677,0,0,
1HonwLhETda1hQc4uLA6bzhXH4CUaBmHGb,Omni,2,Test,10145415013,0,0,
1HpNa5GbsPRbJ1s931oNKGqgN5gVbBBE8s,Omni,2,Test,3309702580,0,0,
1HxMra2tkzjD4FmGWyBCJdECL4iiM9oGSk,Omni,2,Test,14292988127,0,0,
1J46wJTLYvhabzrVjVVwrUEUsYvLMbpNwK,Omni,2,Test,3091806830,0,0,
1J7Pzq1MvS6ti5YV6dfJ4NW9iZU4uhMEj6,Omni,2,Test,2154000728,0,0,
1JASe981JUgzKgAoV4SYehenkHbVAT7Ja8,Omni,2,Test,3326065526,0,0,
1JDNareT7T3DYQjp2L5oKHpQ9wRaDMuZ7p,Omni,2,Test,27076571098,0,0,
1JME1dvN2zAAgXhXPnWSWFGQ4Z1iHALFj9,Omni,2,Test,33209164021,0,0,
1JMKBtZbqhZFbJ9GdFdupTy4tGd2Q797JJ,Omni,2,Test,1048728340,0,0,
1JRfc5W459i9PAPiGDvTUuJve9fn9z6YjK,Omni,2,Test,14419591601,0,0,
1JSCYw7NxVbBhv8HCupYhgYqAwqTdRT4u5,Omni,2,Test,20053733466,0,0,
1JU1GS7GyHg6XYqq5JjNUquzsWgHoUFAGR,Omni,2,Test,238423635218,0,0,
1JYXwhzeTqrLXfg79EbQ95GpoDHxZWWE6d,Omni,2,Test,100194444444,0,0,
1JpK8eh4Egt3a1YhrSg932qBToSRM2bcvG,Omni,2,Test,5028637566,0,0,
1JqDHs9GiNckdTYRjwDQqwxajiRFQyuNcH,Omni,2,Test,50097222222,0,0,
1JqNVmZBrCvT19he79L4F2YWxydWZ3mQ14,Omni,2,Test,10046987434,0,0,
1JqxEv4TH6XmMxCfRi9t3t9QhPnxp79UBH,Omni,2,Test,409016530,0,0,
1JvXUatqyiBs1gsp2vYopyc9QnStfVn2F1,Omni,2,Test,72216013558,0,0,
1JzN8RsgCTbbJcjLa9dH93GkehcmNxxZTL,Omni,2,Test,30107496694,0,0,
1K5Tofy7UTfcrpWBnXcJhHZzvLTksDdasQ,Omni,2,Test,10103326720,0,0,
1K9ETVUmDcfahqzoanBBmbaDqVmUmqrQJS,Omni,2,Test,588810138889,0,0,
1KDCt8VoY45ya3QnExwtZEdugAnRAncr1Z,Omni,2,Test,212053654101,0,0,
1KEr24zCxEwf4WAdwAQ8gy3grsXGfFPaGy,Omni,2,Test,7394243,0,0,
1KGWhADxrefkLZHhthnJ4HkEsu5t9zVPF1,Omni,2,Test,19963009722,0,0,
1KJ8Q3PaVvyjV8GdVMha7VXPaBuipdEFG1,Omni,2,Test,2257171726,0,0,
1KRaQh3k47P4Mu4XXviRGHrgYi7BK5hsAV,Omni,2,Test,266625859788,0,0,
1KaM6ANCsKgFnsTRUXnNZzHT5ZLpnRsf3t,Omni,2,Test,60905935847,0,0,
1Ki1Uxc1P1HRfk7Awq8ayZghzwGCsYWe9o,Omni,2,Test,107687855490,0,0,
1Kqy5J4KdYCYG9N7rWRQdq1wfBGmQiPG1n,Omni,2,Test,11408598477,0,0,
1L5AUL3vEh2hvBbxJbtuwhbnWzid9W2gAW,Omni,2,Test,10103731812,0,0,
1L83XWGbddEyabcipQNdcibc8q7pJSorYC,Omni,2,Test,25095844590,0,0,
1L9bbsESqmaKWsstrDETuZpD1BjLdy94ah,Omni,2,Test,10097524802,0,0,
1LB2AZvQrLaBxti8gkUHRfZ94oKF1dQmQS,Omni,2,Test,13425348313,0,0,
1LLnRXbnVuq7h3Dtap64wXuw76nnjPnjYi,Omni,2,Test,54686718948,0,0,
1LX1Nv7C6RnR18ir3r5GrmyVvG1yy2EnRa,Omni,2,Test,573773946346,0,0,
1LoMxHHUzFXNoFFDjdjDuN6ciq8wrKGPSa,Omni,2,Test,70247696759,0,0,
1Ls3wRUtiTv8fXcjXpT5LYjuxJ7rwWCEKb,Omni,2,Test,100146842,0,0,
1LzbWC9xo4TC5j6P3tjYT3fJVQ5XpaYADE,Omni,2,Test,5002460317,0,0,
1MA274fPpN7cBjiseaMtTmuQCq1UjAir5Z,Omni,2,Test,50503654101,0,0,
1MLPjJ4iDXpAnzgon9u34ZxnSjTHztxRCP,Omni,2,Test,10034031085,0,0,
1MPUi31pLY3KyhMATYo1A2WJKmo8NcbYhz,Omni,2,Test,30270079365,0,0,
1MQCRE2ePC1M1AgseWar49ncY1Dyk5MGWN,Omni,2,Test,21647609231,0,0,
1MR9wDhmKVRDcVcpm2c4BB71SR9yTYdBvg,Omni,2,Test,53524926142,0,0,
1MTdEJZoTRbHyUGMjkQZWYBXMcusxkxLLR,Omni,2,Test,2558251539,0,0,
1MVb5dBgeCVwpoSQKNkcA9bwq8anx7ydnd,Omni,2,Test,10230834987,0,0,
1MWs4JQHn9aY9BQXXqV9bnSZVX3Ecggz9i,Omni,2,Test,26263277213,0,0,
1MZH2ixqERRzuW9Ha7xqbyGoMZyfo4dv4h,Omni,2,Test,10105335648,0,0,
1MbzgJ9fwqcu2HWByHpUXUxASyURvJ5AWu,Omni,2,Test,14260408399,0,0,
1McQ3KF6eY69a1oJiJhCJj9GcJawFq3vUG,Omni,2,Test,695102440,0,0,
1MnW3JgujMavTzBCiZyfxigDhu9pnDE7dU,Omni,2,Test,10040944114,0,0,
1ModAtK5caWTxktKr6EfnEsQQddfVGXaHX,Omni,2,Test,12162387203,0,0,
1MqAVaKzB9NKmxH1cGqmtWoUeeZuVTuy2d,Omni,2,Test,50540705605,0,0,
1MstrCofqGJQ73bGwdTxj2Uo7EqRxUDWAo,Omni,2,Test,2506322751,0,0,
1Mxuru2YEg9dZ1jGSoEks3BfP7Ee1LaXAd,Omni,2,Test,10045160384,0,0,
1NC9iRjQsXFQFQXS5RCqDvBEuNHVf7KHTG,Omni,2,Test,25500486111,0,0,
1NHaFCh2fYzqghh8S7YN5fX4xpSY6W3tBz,Omni,2,Test,1322364477,0,0,
1NVwVUhm4tHxpGZg6AMSNmxYMUwkyQe1fn,Omni,2,Test,5386860946,0,0,
1NYdPSXbWxWQMXG8BhnXYUhFaLFAoyeHR3,Omni,2,Test,15450215782,0,0,
1NZCgBRmEcidNNNCWiccVDEvVRkV2CD7q2,Omni,2,Test,10710864749,0,0,
1NeVKGMiNZ6fuoZmVRthTBNw1cJ3MGevwU,Omni,2,Test,55215541914,0,0,
1NemP5kiTYEj8SwvpVm2uiEwfsa5LNQPmZ,Omni,2,Test,40119744336,0,0,
1NgxPxvnswGG85FzjrBQ2tet1sCXpCzhg4,Omni,2,Test,10043457341,0,0,
1NhAB2xGPosYjooSqJET6eJy2ks15A6CNm,Omni,2,Test,1215738294,0,0,
1NocfrxnLadDjfy5XR1JsSgdVsw8ChxCLA,Omni,2,Test,1004658399,0,0,
1P2KXwVg2h4iDSqiQf4tCkSL2XEVTAyqrB,Omni,2,Test,133340029762,0,0,
1PA8qhEzW7to6EeqBAdhVZYGbVj2MfmN2n,Omni,2,Test,231091243386,0,0,
1PBk85ohrvbiTpDCMxjufAbFfCg3ZdXn8e,Omni,2,Test,5459414683,0,0,
1PVKjb7QQKRZ1urGPmf7xz8ZgHJaqZM9DJ,Omni,2,Test,17763374193,0,0,
1PY5X3hbcy6timNa9CQJzzwLeJgvDJ4Dik,Omni,2,Test,249558201,0,0,
1Pd1ESY2Hfb8Mom6aTJnpJBEAnkzghgRJq,Omni,2,Test,480704841270,0,0,
1Pk3gL2UQGEVSLv6FUVLfx8QT6mfsDhDa,Omni,2,Test,13452853836,0,0,
1Po9mw5bbgx3HxHZ8Vch24XcmHTiFTRDuW,Omni,2,Test,200319874339,0,0,
1Pohx6GPsnvnEsYWRRdaK7GVAUkHW56R2K,Omni,2,Test,2089444444,0,0,
1Q2kjs7MjWgCtf8CfVkXHUkAeKbaMqrK9R,Omni,2,Test,10892384259,0,0,
1QAJh4ZCuSsLErYnbtHqaGNTb5D9tiX2er,Omni,2,Test,30226870040,0,0,
1RavenHqiZ7euZ1ETKkKP74h5SPLovdF6,Omni,2,Test,1063476071,0,0,
1RjrXzEhSsbTMYw2XJrvt6fSiKU9mGeRZ,Omni,2,Test,8271059380,0,0,
1RodtRU2EJ7DMgZCjgznivm5yqoeu8Lgh,Omni,2,Test,47450662438,0,0,
1VDTthqUv8bjmFePNxEXTNttkaTWfKdDi,Omni,2,Test,9520257202,0,0,
1VP9VM2Kk9SNLRDTJzsEe3WtoKLwWfnmc,Omni,2,Test,21042979497,0,0,
1aTJa6dhYax5uHV249FA732BQDxABjSPd,Omni,2,Test,5012645503,0,0,
1eLiRanANMyXjVGU9LMqzm9wGKdRAg8q4,Omni,2,Test,9951205911,0,0,
1eZwsyQJbUhQduw1TJcWTbR7HjnbLgQTs,Omni,2,Test,53157349537,0,0,
1nivsN37oY13sqNoxzPa3nZrDVQzWGBYD,Omni,2,Test,4328703723,0,0,
1nuMbaCBZhDsEe3oKnHY7FtFUtbd1fckf,Omni,2,Test,10662311508,0,0,
1oC8H1TZ7JLrt5iD5QtEpBa4p1Nfh8oXG,Omni,2,Test,6098439153,0,0,
1roLMd1dT3Arpsq6sqjProZU7vtKL8cx1,Omni,2,Test,183263488609,0,0,
1tybxKF5QbtJ43kiV5gAFPNvs8WR6uUWK,Omni,2,Test,10111698082,0,0,
1x9K9xAft1e9D7e1biMp77JSPQXUtWDwM,Omni,2,Test,10763224206,0,0,
1GwdoK2ep5sLGyeSuyHiXhJeQd3eogGjR5,Omni,1,Production,1827629216,0,0,
13CsP5SArN7fPXcXkcH331PPEuzCXdo5i4,Omni,1,Production,21079411376,0,0,
1MTdEJZoTRbHyUGMjkQZWYBXMcusxkxLLR,Omni,1,Production,2558251539,0,0,
142p4ML8aXvMAnVjEZMBzyP1c6nauhtufi,Omni,1,Production,1008742728,0,0,
1Cnv5Nj6vtcm4Qb6dqawkLvwCTTZ43wqen,Omni,1,Production,25868295304,0,0,
13FrZaxxAWuFUqsmRVatp88h6EKTwmUrtj,Omni,1,Production,11227826983,0,0,
1FjLKFH6BXB6NUUhpSUNendtjBNSmNNPZT,Omni,1,Production,13724584979,0,0,
1BV9k7VQbtddtLeWxkTSafcYHUsWLJoqWM,Omni,1,Production,7194767692,0,0,
1B2aZeoqGVrZUJg36waug8dNiDK7yX4JoT,Omni,1,Production,326956647,0,0,
1EaMiS5stT6FKGEEWQCY3X3ujci3m5MP2m,Omni,1,Production,10775650880,0,0,
1N67g4FERNdTrSTrRUcXCQPSyk1LW2ybHW,Omni,2,Test,10480669643,0,0,
14CQGTcpq6pduhRUKC5SEShBZHiJJHiKMT,Omni,1,Production,14372771164,0,0,
18WANHBTcj8u2GU1PY4h1iG4EbvgYJM4gL,Omni,1,Production,303797619048,0,0,
1J7Pzq1MvS6ti5YV6dfJ4NW9iZU4uhMEj6,Omni,1,Production,2154000728,0,0,
1HETPNRFYqoXEEkpvNY4zVLsQcTumfhoJ2,Omni,1,Production,72006679894,0,0,
1KA9SV5pyqpW3sqZbfAWhSRiVeeN552BXQ,Omni,1,Production,57308630985,0,0,
1GXnFHXZ5FAqWYp2iT1rpnLm3XAiAh2fuq,Omni,1,Production,10766020172,0,0,
1L5AUL3vEh2hvBbxJbtuwhbnWzid9W2gAW,Omni,1,Production,10103731812,0,0,
1BV9k7VQbtddtLeWxkTSafcYHUsWLJoqWM,Omni,2,Test,7194767692,0,0,
1HXaE1qztaBnJJa43LNLzexhzzbefJkm3i,Omni,1,Production,10418902116,0,0,
1Bqp4VEweM1S8FKGHWYviRRtSxv5tMAVih,Omni,1,Production,314595691137,0,0,
1HbWTBq4uZadEWndAWPATPMfZeFPtYjvNn,Omni,2,Test,100000000,0,0,
1G9mvD12ZAiAxMuXeiaUVDkMAC8C4FFoLG,Omni,1,Production,10140458003,0,0,
1MxAnJim7cxBp6qwfcF99xiNGggTpCzWJd,Omni,1,Production,10917018849,0,0,
1MxAnJim7cxBp6qwfcF99xiNGggTpCzWJd,Omni,2,Test,10917018849,0,0,
1KA9SV5pyqpW3sqZbfAWhSRiVeeN552BXQ,Omni,2,Test,57308630985,0,0,
157FxpGB4ds4sXjSjXqwAXk7WQQSAojNFJ,Omni,1,Production,19385907738,0,0,
18ebxtqmwE2MMJtHbpAosrKEem8go9qc9,Omni,1,Production,7070485284,0,0,
19V6mbsUWfKeRJyHvPpmjarUyj6Arm9zcQ,Omni,1,Production,2018758267,0,0,
165EtwPtp3dXeHBAXpdtKher8wpR7E4Vwh,Omni,1,Production,10203215939,0,0,
1QAJh4ZCuSsLErYnbtHqaGNTb5D9tiX2er,Omni,1,Production,30226870040,0,0,
1FriA74vipRm9QGQHoWREHHNTBJtS9tR1k,Omni,1,Production,18801716326,0,0,
1tybxKF5QbtJ43kiV5gAFPNvs8WR6uUWK,Omni,1,Production,10111698082,0,0,
1aTJa6dhYax5uHV249FA732BQDxABjSPd,Omni,1,Production,5012645503,0,0,
1x9K9xAft1e9D7e1biMp77JSPQXUtWDwM,Omni,1,Production,10763224206,0,0,
17VP7dV8dxn3pDVxrjtgPiKhs37FLBBX7u,Omni,1,Production,2996053799753,0,0,
1LfRqHRmJa2S2U4XGVWerta2yQhbvKLG2b,Omni,2,Test,30319280754,0,0,
1HcQb16RSjdiH622sNs7Qsqt5vNWWa7oKV,Omni,1,Production,1801450892857,0,0,
17kKzeuAMhV8Pw9R62CWkhi5pXKmigMJQa,Omni,2,Test,13447939815,0,0,
17VP7dV8dxn3pDVxrjtgPiKhs37FLBBX7u,Omni,2,Test,2996053799753,0,0,
1BBTQrfsZQVoGwdPfp7NfMg7F4pYes2F1s,Omni,2,Test,2013376085646,0,0,
1D11zSkRGnn6VMgaipqNeD2rtQfN5ywos3,Omni,1,Production,5042046130952,0,0,
1EXqpyc7sEVbH1dK8mdE35gM4ijiQ4kGXQ,Omni,1,Production,1038350945,0,0,
1Fi4UdfU7Bw9CdX85K2rtzMoZuESvDPNS7,Omni,1,Production,6694997210,0,0,
1KFZmBqaJFnBuJLL9HyPdj19dfcW6gCdkZ,Omni,2,Test,29392328307,0,0,
1GhwyPsMn2H47vWjJBAc5skZrdcWsyMDZL,Omni,1,Production,1285254365,0,0,
1DM8pdm1KbTfAcChuoawkEEbwEqGVzmqQ4,Omni,1,Production,13154006283,0,0,
1DM8pdm1KbTfAcChuoawkEEbwEqGVzmqQ4,Omni,2,Test,13154006283,0,0,
13qGRH1n7dFeroYhjd5xktmWo4uzbVPbcS,Omni,1,Production,20188501984,0,0,
18XcsA9AQQRWaFonAWECg6W1zZsmgYjioY,Omni,2,Test,13617761380,0,0,
1AJzXcrPJbXudbRF43d9j2pympLo5k5Gut,Omni,1,Production,253318511571,0,0,
15WrQhYhHts7jTMoGJ9rDCD12JuCTKy7MM,Omni,2,Test,17519517794312,0,0,
14FF284GJ7d9m7WnkhiosFLvwLQ2pqPFTG,Omni,2,Test,10579720569,0,0,
1PYXRp4Pj3PqNmyz8GA7qrhsMa1hvjjY7t,Omni,2,Test,20097288360,0,0,
1AJzXcrPJbXudbRF43d9j2pympLo5k5Gut,Omni,2,Test,253318511571,0,0,
1PYXRp4Pj3PqNmyz8GA7qrhsMa1hvjjY7t,Omni,1,Production,20097288360,0,0,
1BCMago5NxA8ga9GBDur8SRbagacvRhmU1,Omni,2,Test,4384533333,0,0,
1JpK8eh4Egt3a1YhrSg932qBToSRM2bcvG,Omni,1,Production,5028637566,0,0,
18chrWPjs9ug7Xq7xDiFkqbe9A8KQdG7eH,Omni,1,Production,3110204340,0,0,
18chrWPjs9ug7Xq7xDiFkqbe9A8KQdG7eH,Omni,2,Test,3110204340,0,0,
1DUGRxypnPrQ8t7umv1QPwmwwYnt6dFA3m,Omni,1,Production,2003067791,0,0,
1MqAVaKzB9NKmxH1cGqmtWoUeeZuVTuy2d,Omni,1,Production,50540705605,0,0,
18QTFj5KmMSoYMrCuRGgxdywj3xXYtCvzd,Omni,1,Production,53115530488,0,0,
17kKzeuAMhV8Pw9R62CWkhi5pXKmigMJQa,Omni,1,Production,13447939815,0,0,
1Pk3gL2UQGEVSLv6FUVLfx8QT6mfsDhDa,Omni,1,Production,13452853836,0,0,
1L83XWGbddEyabcipQNdcibc8q7pJSorYC,Omni,1,Production,25095844590,0,0,
1Na6CZdvTMzaq6f6Xn9jyEfmbf5NiEp65c,Omni,2,Test,259695300198,0,0,
1PVKjb7QQKRZ1urGPmf7xz8ZgHJaqZM9DJ,Omni,1,Production,17763374193,0,0,
1DLwrAYgzMcbntvhmBHKajGEaSv9U2YGTq,Omni,1,Production,10743267361,0,0,
15jY9nQsgzdkuj7Rw2KHGpDKoxv59gDJE8,Omni,1,Production,30013784722,0,0,
12SdZk7Gd19zbvQZDF447PpHSpGY5SGYE2,Omni,1,Production,480998334741,0,0,
1eZwsyQJbUhQduw1TJcWTbR7HjnbLgQTs,Omni,1,Production,53157349537,0,0,
1Mt1tCGyJnD6SHzBgxtg6GRJLUhqQrc4ff,Omni,2,Test,6056506283,0,0,
1Cnv5Nj6vtcm4Qb6dqawkLvwCTTZ43wqen,Omni,2,Test,25868295304,0,0,
1MPUi31pLY3KyhMATYo1A2WJKmo8NcbYhz,Omni,1,Production,30270079365,0,0,
1EZnzK4XPwRjAGqyK6oQmy7NpT6uDhWf1U,Omni,1,Production,47174525910,0,0,
1EZnzK4XPwRjAGqyK6oQmy7NpT6uDhWf1U,Omni,2,Test,47174525910,0,0,
1CM9jmLrzSUXLRAwFUbcmN7tDiY4Wyi2VC,Omni,1,Production,6508160549,0,0,
1MbzgJ9fwqcu2HWByHpUXUxASyURvJ5AWu,Omni,1,Production,14260408399,0,0,
15XDP6tMciP3xxBroJCPoqTAvZJz2x1kAx,Omni,2,Test,60053546708,0,0,
15XDP6tMciP3xxBroJCPoqTAvZJz2x1kAx,Omni,1,Production,60053546708,0,0,
1NemP5kiTYEj8SwvpVm2uiEwfsa5LNQPmZ,Omni,1,Production,40119744336,0,0,
1JYXwhzeTqrLXfg79EbQ95GpoDHxZWWE6d,Omni,1,Production,100194444444,0,0,
1LfRqHRmJa2S2U4XGVWerta2yQhbvKLG2b,Omni,1,Production,30319280754,0,0,
13fBNvRz495auamuV9fNN95XDUdGtjXvfn,Omni,1,Production,26070241812,0,0,
1EHjzwUwJokV4tZsugPFuHs22xoinaYQ9N,Omni,1,Production,729794566,0,0,
1JqxEv4TH6XmMxCfRi9t3t9QhPnxp79UBH,Omni,1,Production,409016530,0,0,
1G3Cyx194o3yLbKFmzR4NtNE6fxJSRowkp,Omni,1,Production,1028343584656,0,0,
1BhHGLm843e3kXyMoWr64UBq9Kh8upAY6K,Omni,1,Production,18120686039,0,0,
1GeVYn8BY86jTgUYoWeLkWXULpJnYD3u87,Omni,1,Production,3911190575,0,0,
1JASe981JUgzKgAoV4SYehenkHbVAT7Ja8,Omni,1,Production,3326065526,0,0,
1roLMd1dT3Arpsq6sqjProZU7vtKL8cx1,Omni,1,Production,183263488609,0,0,
18XcsA9AQQRWaFonAWECg6W1zZsmgYjioY,Omni,1,Production,13617761380,0,0,
1LB2AZvQrLaBxti8gkUHRfZ94oKF1dQmQS,Omni,1,Production,13425348313,0,0,
1DLjzpGMS5DHucLujKArriyp3S8y3aRMqa,Omni,1,Production,10020692791,0,0,
1C438zHsaG3PZfjAdo3dwS7UrrHsBa7iUb,Omni,1,Production,6372438084,0,0,
1CQhTj5tAtvzGti2oUiBqF2D8gGvGkJbTo,Omni,1,Production,213645824030,0,0,
1CQhTj5tAtvzGti2oUiBqF2D8gGvGkJbTo,Omni,2,Test,213645824030,0,0,
1JSCYw7NxVbBhv8HCupYhgYqAwqTdRT4u5,Omni,1,Production,20053733466,0,0,
1AKQX7Qso4UQeAPD7rPWnDAQr43z6eByui,Omni,1,Production,156612276786,0,0,
138deo1VUkgWmptS8NWnBqVwqWfZx1Q494,Omni,1,Production,20062291667,0,0,
1NQSMowgQVWprE1dwdbzTwCfFrVXK6sUh2,Omni,1,Production,537222387566,0,0,
1NQSMowgQVWprE1dwdbzTwCfFrVXK6sUh2,Omni,2,Test,537222387566,0,0,
14FaL26kCyEsN4NviMEv3wPQvQGuwodyDr,Omni,1,Production,5931781217,0,0,
1BBTQrfsZQVoGwdPfp7NfMg7F4pYes2F1s,Omni,1,Production,2013376085646,0,0,
1AMgiLXpQ2rxtrVagtCfxjXJV44QumWNhP,Omni,2,Test,136027369378,0,0,
1AsX2fv1QRFgCYT3F1YMWm37nWnW8TkZnm,Omni,1,Production,14525201389,0,0,
16pdW8RQjJpF37FLMm7R65HBvn6WY33Pq8,Omni,1,Production,1003018683862,0,0,
1N67g4FERNdTrSTrRUcXCQPSyk1LW2ybHW,Omni,1,Production,10480669643,0,0,
1JqDHs9GiNckdTYRjwDQqwxajiRFQyuNcH,Omni,1,Production,50097222222,0,0,
125ana9EZ9HJotBNnGsUqecsp7MzT9Z5Qe,Omni,1,Production,19151128009,0,0,
1F2KyKaLr1QbCgGGAjuBSQSJo8GQ6CaCwF,Omni,1,Production,10018387897,0,0,
19ABrTW1XhWErJxE3UvfNuBRzB4w6UcTRp,Omni,1,Production,5040860615,0,0,
1LoMxHHUzFXNoFFDjdjDuN6ciq8wrKGPSa,Omni,1,Production,70247696759,0,0,
1HHTyQWtA8Y93CAGSHZ134yBErtxUoDAYV,Omni,1,Production,3803219329,0,0,
14FF284GJ7d9m7WnkhiosFLvwLQ2pqPFTG,Omni,1,Production,10579720569,0,0,
16WsVPMRUCdMiT1rMxM9CEspdn7JYD2U5j,Omni,1,Production,29995000000,0,0,
1KRaQh3k47P4Mu4XXviRGHrgYi7BK5hsAV,Omni,1,Production,266625859788,0,0,
15XJoDF4xCUrWX3ES9ftWq3wnGhuRsqrLk,Omni,1,Production,6055548942,0,0,
1Jge9avkgP3zsSQsYeSpY5Pd7xBk3qehNv,Omni,2,Test,10348198725,0,0,
1Jge9avkgP3zsSQsYeSpY5Pd7xBk3qehNv,Omni,1,Production,10348198725,0,0,
12QfZDTatfAbfiFmpGmFrbNiiyX9PjtYb5,Omni,1,Production,10246618717,0,0,
12QfZDTatfAbfiFmpGmFrbNiiyX9PjtYb5,Omni,2,Test,10246618717,0,0,
1D2UUm9noQ5eW7mQ8oMiqxvbFqB8wuvvWS,Omni,2,Test,1024608135,0,0,
1GuoNYVPUwePeYghvDP4gCny1YaFyMfTcM,Omni,1,Production,15729396429,0,0,
17UDyggWFP6T3tUPTUEHMU8gxRtLZHG322,Omni,2,Test,5522609127,0,0,
1HLdSSpvRDcAyD9k91yS7X9o2jaJiKeqp4,Omni,1,Production,302744598213,0,0,
15WrQhYhHts7jTMoGJ9rDCD12JuCTKy7MM,Omni,1,Production,17519517794312,0,0,
1EXoDusjGwvnjZUyKkxZ4UHEf77z6A5S4P,Omni,1,Production,4248367562708,0,0,
1C438zHsaG3PZfjAdo3dwS7UrrHsBa7iUb,Omni,2,Test,6372438084,0,0,
1donutMH4L7kdRqh4xvSvesfd3KFu3UNm,Omni,2,Test,10476380622,0,0,
15oxQoTsbrX7SJK86HHDY7qD8BzUday2dx,Omni,1,Production,20060373677,0,0,
1HLdSSpvRDcAyD9k91yS7X9o2jaJiKeqp4,Omni,2,Test,302744598213,0,0,
13fBNvRz495auamuV9fNN95XDUdGtjXvfn,Omni,2,Test,26070241812,0,0,
1EHjzwUwJokV4tZsugPFuHs22xoinaYQ9N,Omni,2,Test,729794566,0,0,
16JbDstcRNzevcBSVu7XwUKJ3bB6btxWHh,Omni,1,Production,114459047619,0,0,
18hoYB6KH5nTu6iE1SH3fNKnnRKFe2vaxF,Omni,1,Production,1303966270,0,0,
1KpSuQmkejZPKj18Gj6y2fUL9GZyWCTVuh,Omni,1,Production,20596989364,0,0,
13xyUnidQ1JhQk7hor17eQAPw96hwNZhHJ,Omni,1,Production,185440819680,0,0,
13xyUnidQ1JhQk7hor17eQAPw96hwNZhHJ,Omni,2,Test,185440819680,0,0,
16JbDstcRNzevcBSVu7XwUKJ3bB6btxWHh,Omni,2,Test,114459047619,0,0,
1NJW7tJoDJboQQSUdPHQ2pAYm6gAy3SgdZ,Omni,1,Production,701862037,0,0,
1eLiRanANMyXjVGU9LMqzm9wGKdRAg8q4,Omni,1,Production,9951205911,0,0,
18bVHTir24mJdYfbUgpS3k9mkSSzZU3kp1,Omni,2,Test,32877719907,0,0,
18bVHTir24mJdYfbUgpS3k9mkSSzZU3kp1,Omni,1,Production,32877719907,0,0,
1KpSuQmkejZPKj18Gj6y2fUL9GZyWCTVuh,Omni,2,Test,20596989364,0,0,
1DbFbPdbDAHyhMat1cmatbPfySAULC7FL3,Omni,1,Production,10021782407,0,0,
1G6zjkpKHaDETbswWCJwyu3PQMesoCHvvz,Omni,1,Production,50129208003,0,0,
17LWEZqC2WyZaBo7pKADcsDkA6zFjY1iTC,Omni,1,Production,27072465027,0,0,
12sVF4gaKPk1kmGaG8XxtoqgLMxWXr6ReE,Omni,1,Production,5391898148,0,0,
12cBdcNSBHwhJy4oLWzWne2qGu74PsbhTT,Omni,1,Production,2755469940,0,0,
1CbYgvA148Ew5j22S2rbgFCKToQTwRnKfS,Omni,2,Test,599336778588,0,0,
12cBdcNSBHwhJy4oLWzWne2qGu74PsbhTT,Omni,2,Test,2755469940,0,0,
139Dx25QXHBJD1tfLQMwASAAJrWFiM4BPz,Omni,1,Production,677531586309,0,0,
1DbFbPdbDAHyhMat1cmatbPfySAULC7FL3,Omni,2,Test,10021782407,0,0,
139Dx25QXHBJD1tfLQMwASAAJrWFiM4BPz,Omni,2,Test,677531586309,0,0,
1NHVAzYT2jQ8roRddYXhvZtiVjuMwuWBGn,Omni,1,Production,70807238450,0,0,
16rUg4eijBqM6oYrSrUzvghe6QM9CHvTYW,Omni,1,Production,53260166005,0,0,
16zqyiBKDsL1X39ip5aVHLsxgFmxUCBeKM,Omni,1,Production,40863528651,0,0,
13PosdpaGPQTQ2TUkr37djsHqshpJ8k3NB,Omni,1,Production,5521622024,0,0,
16zqyiBKDsL1X39ip5aVHLsxgFmxUCBeKM,Omni,2,Test,40863528651,0,0,
1C9RKyQ9X77iA6ARd182dRyGiacedGwYec,Omni,1,Production,31535004960,0,0,
1LQzaHiedzHDqPW8q95SyEL7fAzahvrmTo,Omni,1,Production,35938793816,0,0,
1AMgiLXpQ2rxtrVagtCfxjXJV44QumWNhP,Omni,1,Production,136027369378,0,0,
13X7yRvpDf1NKLhzsYHaghfNJQ8JpXTa7N,Omni,1,Production,89930898042,0,0,
14S5bE4ZGbb4oMXsnNn4zErdKBN5Lyiihb,Omni,2,Test,250305886243,0,0,
13PosdpaGPQTQ2TUkr37djsHqshpJ8k3NB,Omni,2,Test,5521622024,0,0,
1NJW7tJoDJboQQSUdPHQ2pAYm6gAy3SgdZ,Omni,2,Test,701862037,0,0,
1LQzaHiedzHDqPW8q95SyEL7fAzahvrmTo,Omni,2,Test,35938793816,0,0,
1MA274fPpN7cBjiseaMtTmuQCq1UjAir5Z,Omni,1,Production,50503654101,0,0,
1DHF9MnvvM1zUNxKdu9hB2BfwFuBANPPoe,Omni,1,Production,20101732804,0,0,
1MVb5dBgeCVwpoSQKNkcA9bwq8anx7ydnd,Omni,1,Production,10230834987,0,0,
1J46wJTLYvhabzrVjVVwrUEUsYvLMbpNwK,Omni,1,Production,3091806830,0,0,
1QEhcXxmkkBdcfDhcFU6pFVCdiXQgFZLLY,Omni,2,Test,101159226190,0,0,
17bGDJTMeiWx4LJdf8gECEPFMmCpY2jA66,Omni,1,Production,336161142053,0,0,
1Q1sFqsi8S5DxV5hz6sWLamGBp9To93iG7,Omni,1,Production,127723987298,0,0,
1Eo6FGPytuYvuA3ZS6ToXqP8sScWWtKhWN,Omni,2,Test,501780257937,0,0,
1CbYgvA148Ew5j22S2rbgFCKToQTwRnKfS,Omni,1,Production,599336778588,0,0,
1AGFxUanxnWnrTiwLsY4NyvNZTv3RWFnfT,Omni,2,Test,150469444445,0,0,
1NC9iRjQsXFQFQXS5RCqDvBEuNHVf7KHTG,Omni,1,Production,25500486111,0,0,
1DDhPhsydLh6dDgAg7GVT3xZuYd93tjqtp,Omni,1,Production,10078986442,0,0,
1KZmDQGzGJWYmPP9X3b7TA9dY91KBXgaG4,Omni,2,Test,31737297177,0,0,
1LQBddrjjUaMLHcd4cG9XnN4cCZbHfREJF,Omni,1,Production,1078119709,0,0,
1LQBddrjjUaMLHcd4cG9XnN4cCZbHfREJF,Omni,2,Test,1078119709,0,0,
16rQVMZS9k6grNiMybYfznH2R3TViYNMC6,Omni,1,Production,12056734458,0,0,
19mSdN6s9iBHFyJ2ycHbzQ7dcnfgZHN8Cu,Omni,1,Production,273714253,0,0,
1NHVAzYT2jQ8roRddYXhvZtiVjuMwuWBGn,Omni,2,Test,70807238450,0,0,
1KFZmBqaJFnBuJLL9HyPdj19dfcW6gCdkZ,Omni,1,Production,29392328307,0,0,
172mDyjew7PnUpMRdNPjjv1bU1u4Ftgs3M,Omni,1,Production,1429964285714,0,0,
13NRX88EZbS5q81x6XFrTECzrciPREo821,Omni,2,Test,56343027669,0,0,
19PeRXtHfA9qoQ6MFkR2U7QEFTfdSckE1,Omni,1,Production,52958903770,0,0,
19PeRXtHfA9qoQ6MFkR2U7QEFTfdSckE1,Omni,2,Test,52958903770,0,0,
1QEhcXxmkkBdcfDhcFU6pFVCdiXQgFZLLY,Omni,1,Production,101159226190,0,0,
1Hkjo5N1CLb7XmUtCp4xWRder81CRfpdNd,Omni,1,Production,133542873677,0,0,
1AxxvjavPMEiyT7quRVrfWj9xjgv27PSCS,Omni,1,Production,66971585648,0,0,
13sbvde5fYHeM4UxKJpRxFv7a9MjaKdqPT,Omni,1,Production,25881610614,0,0,
12VamRhmcgsWWKWdNuzWqVYTvnuk2Dsx9b,Omni,1,Production,220562833994,0,0,
14S5bE4ZGbb4oMXsnNn4zErdKBN5Lyiihb,Omni,1,Production,250305886243,0,0,
1Q1sFqsi8S5DxV5hz6sWLamGBp9To93iG7,Omni,2,Test,127723987298,0,0,
19feAR37pguLwDyEMc8oiW2WT4esrgR5z6,Omni,1,Production,5544255126,0,0,
1KZmDQGzGJWYmPP9X3b7TA9dY91KBXgaG4,Omni,1,Production,31737297177,0,0,
1Na6CZdvTMzaq6f6Xn9jyEfmbf5NiEp65c,Omni,1,Production,259695300198,0,0,
1Fq37GNfyxSvnmye3QdxH6GpPAQ3enarfs,Omni,1,Production,10621848545,0,0,
13NRX88EZbS5q81x6XFrTECzrciPREo821,Omni,1,Production,56343027669,0,0,
1JDNareT7T3DYQjp2L5oKHpQ9wRaDMuZ7p,Omni,1,Production,27076571098,0,0,
1BCMago5NxA8ga9GBDur8SRbagacvRhmU1,Omni,1,Production,4384533333,0,0,
1H5i3Pz9y1mYnXqXDAxJPohggwyBT98oc1,Omni,1,Production,10000000000,0,0,
1BFqkdUDwp7k1Qa43vmSWEfj6gaoUVswwZ,Omni,1,Production,10628277116,0,0,
1Pd1ESY2Hfb8Mom6aTJnpJBEAnkzghgRJq,Omni,1,Production,480704841270,0,0,
1Mt1tCGyJnD6SHzBgxtg6GRJLUhqQrc4ff,Omni,1,Production,6056506283,0,0,
1D2UUm9noQ5eW7mQ8oMiqxvbFqB8wuvvWS,Omni,1,Production,1024608135,0,0,
1AGFxUanxnWnrTiwLsY4NyvNZTv3RWFnfT,Omni,1,Production,150469444445,0,0,
1Fq37GNfyxSvnmye3QdxH6GpPAQ3enarfs,Omni,2,Test,10621848545,0,0,
1HpNa5GbsPRbJ1s931oNKGqgN5gVbBBE8s,Omni,1,Production,3309702580,0,0,
17t1avq2qk3R4Q3qzSZgjj1FihTgS5JgvY,Omni,1,Production,79739136905,0,0,
1A14hK16TgHCYzyqHm2VNZDe8ShYuZ981x,Omni,1,Production,11090075859,0,0,
12bDX26J84x545pzfSZouULeqjfBtAe9Lv,Omni,2,Test,699619940476,0,0,
17UDyggWFP6T3tUPTUEHMU8gxRtLZHG322,Omni,1,Production,5522609127,0,0,
1PA8qhEzW7to6EeqBAdhVZYGbVj2MfmN2n,Omni,1,Production,231091243386,0,0,
1GD6YyXnd7DKvfUKs22Fp3FSGuvK6n4F4j,Omni,1,Production,250305886243,0,0,
1HRE7U9XNPD8kJBCwm5Q1VAepz25GBXnVk,Omni,1,Production,194783543229,0,0,
13x2dka6tVhjsNNNomGJjUPi2iJQCb67bw,Omni,1,Production,1087679398,0,0,
13x2dka6tVhjsNNNomGJjUPi2iJQCb67bw,Omni,2,Test,1087679398,0,0,
17QqwZtZ221Dod33bY33SAZMXrSmi89rsP,Omni,2,Test,6056807478,0,0,
1GaNupdUBzfVF2B3JUAY1rZwHoXJgjyzXj,Omni,2,Test,5720500793,0,0,
1Bitcoin4yZjSSPoXUceJaiyQLABx7B2LL,Omni,2,Test,10127878638,0,0,
1K5ZEkQ8Pzwqedg2WHsKQd3xiAGnj7MeCD,Omni,1,Production,300315819775,0,0,
1K5ZEkQ8Pzwqedg2WHsKQd3xiAGnj7MeCD,Omni,2,Test,300315819775,0,0,
17QqwZtZ221Dod33bY33SAZMXrSmi89rsP,Omni,1,Production,6056807478,0,0,
1Bitcoin4yZjSSPoXUceJaiyQLABx7B2LL,Omni,1,Production,10127878638,0,0,
12LSJoCAqvVQyvW5qaKGp6ZKMaaZpUcCv3,Omni,2,Test,10700200066,0,0,
12LSJoCAqvVQyvW5qaKGp6ZKMaaZpUcCv3,Omni,1,Production,10700200066,0,0,
1LjT88X7Zu8BdbqJw8vfRa83NJuzYL9kqm,Omni,1,Production,10712380845,0,0,
1LjT88X7Zu8BdbqJw8vfRa83NJuzYL9kqm,Omni,2,Test,10712380845,0,0,
1GaNupdUBzfVF2B3JUAY1rZwHoXJgjyzXj,Omni,1,Production,5720500793,0,0,
1Kk6eLpM3cpgC4NEzXLzjKvdndd8bPox6f,Omni,1,Production,31776650397,0,0,
1Kk6eLpM3cpgC4NEzXLzjKvdndd8bPox6f,Omni,2,Test,31776650397,0,0,
1ApWmGDViVjTPqRKBhPydpBZ5DRjpuEEic,Omni,1,Production,15142266518,0,0,
1ApWmGDViVjTPqRKBhPydpBZ5DRjpuEEic,Omni,2,Test,15142266518,0,0,
12bDX26J84x545pzfSZouULeqjfBtAe9Lv,Omni,1,Production,699619940476,0,0,
1Bqp4VEweM1S8FKGHWYviRRtSxv5tMAVih,Omni,2,Test,314595691137,0,0,
16QkgycuGwFvwQ8oZ5cYHgVjDNSavcwovS,Omni,1,Production,53168692130,0,0,
13P8CSqRoboefrNsXKZieWYtZhJ4KcQHhH,Omni,1,Production,21134827433,0,0,
13P8CSqRoboefrNsXKZieWYtZhJ4KcQHhH,Omni,2,Test,21134827433,0,0,
16QkgycuGwFvwQ8oZ5cYHgVjDNSavcwovS,Omni,2,Test,53168692130,0,0,
1K5Tofy7UTfcrpWBnXcJhHZzvLTksDdasQ,Omni,1,Production,10103326720,0,0,
1Eo6FGPytuYvuA3ZS6ToXqP8sScWWtKhWN,Omni,1,Production,501780257937,0,0,
1donutMH4L7kdRqh4xvSvesfd3KFu3UNm,Omni,1,Production,10476380622,0,0,
13qJCzNQUx7dFcixjq9Rab7wPgUCtYS48v,Omni,2,Test,3608607308,0,0,
13qJCzNQUx7dFcixjq9Rab7wPgUCtYS48v,Omni,1,Production,3608607308,0,0,
158qYAqDu4GKeVHDiTYA2xAu5Ew4sEU2Ug,Omni,1,Production,24601309524,0,0,
158qYAqDu4GKeVHDiTYA2xAu5Ew4sEU2Ug,Omni,2,Test,24601309524,0,0,
1AgZvwAoNDFGkQYEF193RAm3qxipWAEFAH,Omni,1,Production,10173350529,0,0,
1AgZvwAoNDFGkQYEF193RAm3qxipWAEFAH,Omni,2,Test,10173350529,0,0,
15og4WXZPwkMnnsb3dj6HqgTUfcRLx4J9b,Omni,1,Production,52934328263,0,0,
15og4WXZPwkMnnsb3dj6HqgTUfcRLx4J9b,Omni,2,Test,52934328263,0,0,
